var1	var2	var3	var4	var5
asdf	12345678000	asdf	aa0980a8sdf809aw34ph1io2h34	Submit
	12345679000		aa0980a8sdf809aw34ph1io2h35	Submit
	12345680000		aa0980a8sdf809aw34ph1io2h36	Submit
	12345681000		aa0980a8sdf809aw34ph1io2h37	Submit
	12345682000		aa0980a8sdf809aw34ph1io2h38	Submit
	12345683000		aa0980a8sdf809aw34ph1io2h39	Submit
	12345684000		aa0980a8sdf809aw34ph1io2h40	Submit
	12345685000		aa0980a8sdf809aw34ph1io2h41	Submit
	12345686000		aa0980a8sdf809aw34ph1io2h42	Submit
	12345687000		aa0980a8sdf809aw34ph1io2h43	Submit
	12345688000		aa0980a8sdf809aw34ph1io2h44	Submit
	12345689000		aa0980a8sdf809aw34ph1io2h45	Submit
	12345690000		aa0980a8sdf809aw34ph1io2h46	Submit
	12345691000		aa0980a8sdf809aw34ph1io2h47	Submit
	12345692000		aa0980a8sdf809aw34ph1io2h48	Submit
	12345693000		aa0980a8sdf809aw34ph1io2h49	Submit
	12345694000		aa0980a8sdf809aw34ph1io2h50	Submit
	12345695000		aa0980a8sdf809aw34ph1io2h51	Submit
	12345696000		aa0980a8sdf809aw34ph1io2h52	Submit
	12345697000		aa0980a8sdf809aw34ph1io2h53	Submit
